date,asset,price,return,vol_5yr,regime
1928-01-01,Equities (S&P 500 TR),,0.4218221970554927,,expansion
1929-01-01,Equities (S&P 500 TR),,-0.0780965092402465,,expansion
1930-01-01,Equities (S&P 500 TR),,-0.2378484848484848,0.3441426097755598,recession
1931-01-01,Equities (S&P 500 TR),,-0.409664928292047,0.35840319026989004,recession
1932-01-01,Equities (S&P 500 TR),,-0.075783251231527,0.31038627620267173,recession
1933-01-01,Equities (S&P 500 TR),,0.4817514450867053,0.33462281342585665,expansion
1934-01-01,Equities (S&P 500 TR),,-0.0101414242728185,0.335282875496484,expansion
1935-01-01,Equities (S&P 500 TR),,0.4516842105263157,0.37796578912305606,expansion
1936-01-01,Equities (S&P 500 TR),,0.3106575118516483,0.2598972244231067,expansion
1937-01-01,Equities (S&P 500 TR),,-0.3329138533178113,0.3468327395774615,recession
1938-01-01,Equities (S&P 500 TR),,0.2834976303317535,0.3134689031950991,recession
1939-01-01,Equities (S&P 500 TR),,-0.0087503805175037,0.31330229228099976,expansion
1940-01-01,Equities (S&P 500 TR),,-0.0988828250401284,0.270576201558867,expansion
1941-01-01,Equities (S&P 500 TR),,-0.1166389413988658,0.2234281205802192,expansion
1942-01-01,Equities (S&P 500 TR),,0.1842807825086306,0.1774332816853533,expansion
1943-01-01,Equities (S&P 500 TR),,0.2414728761514841,0.16401876546980376,expansion
1944-01-01,Equities (S&P 500 TR),,0.1839605826906597,0.17205737922703282,expansion
1945-01-01,Equities (S&P 500 TR),,0.3462289156626506,0.17226639553657794,recession
1946-01-01,Equities (S&P 500 TR),,-0.079663594470046,0.1571286325604994,expansion
1947-01-01,Equities (S&P 500 TR),,0.052,0.16610881921720838,expansion
1948-01-01,Equities (S&P 500 TR),,0.0574640522875816,0.16074095107623823,expansion
1949-01-01,Equities (S&P 500 TR),,0.1756052631578947,0.1598467403570687,recession
1950-01-01,Equities (S&P 500 TR),,0.2917957117331745,0.14043904236921015,expansion
1951-01-01,Equities (S&P 500 TR),,0.2264850709740577,0.10513000817281401,expansion
1952-01-01,Equities (S&P 500 TR),,0.1747955405973917,0.08599982949347229,expansion
1953-01-01,Equities (S&P 500 TR),,-0.0082401204365826,0.11160971117572893,expansion
1954-01-01,Equities (S&P 500 TR),,0.5022216848045142,0.18538267199788144,expansion
1955-01-01,Equities (S&P 500 TR),,0.313035575319622,0.1871750977933005,expansion
1956-01-01,Equities (S&P 500 TR),,0.073165347405453,0.20223545249298605,expansion
1957-01-01,Equities (S&P 500 TR),,-0.0981326333833297,0.24644907118237586,expansion
1958-01-01,Equities (S&P 500 TR),,0.4215951487871967,0.2496049043702316,expansion
1959-01-01,Equities (S&P 500 TR),,0.1177672523093642,0.20473015099939956,expansion
1960-01-01,Equities (S&P 500 TR),,0.0033653531474369,0.19557027004064287,recession
1961-01-01,Equities (S&P 500 TR),,0.2663771295818276,0.20682927834227813,expansion
1962-01-01,Equities (S&P 500 TR),,-0.0881146051712088,0.20394759328381537,expansion
1963-01-01,Equities (S&P 500 TR),,0.2261192709984151,0.1487432836638476,expansion
1964-01-01,Equities (S&P 500 TR),,0.1641545587843242,0.1511577121132149,expansion
1965-01-01,Equities (S&P 500 TR),,0.1239924247787611,0.13806927804263372,expansion
1966-01-01,Equities (S&P 500 TR),,-0.0997095423563778,0.1498699869232459,expansion
1967-01-01,Equities (S&P 500 TR),,0.2380296651313332,0.13681838658553588,expansion
1968-01-01,Equities (S&P 500 TR),,0.1081486265160153,0.12595066886079884,expansion
1969-01-01,Equities (S&P 500 TR),,-0.0824137107644906,0.1447999591142263,expansion
1970-01-01,Equities (S&P 500 TR),,0.0356114490549641,0.13998490410567374,recession
1971-01-01,Equities (S&P 500 TR),,0.1422115029842647,0.12004024706343606,expansion
1972-01-01,Equities (S&P 500 TR),,0.1875536291507492,0.10554993512997014,expansion
1973-01-01,Equities (S&P 500 TR),,-0.1430804743752647,0.14143839261046504,expansion
1974-01-01,Equities (S&P 500 TR),,-0.2590178575089697,0.18971111324434323,recession
1975-01-01,Equities (S&P 500 TR),,0.3699513710618435,0.25598410586210807,expansion
1976-01-01,Equities (S&P 500 TR),,0.2383099900210666,0.2671103439337456,expansion
1977-01-01,Equities (S&P 500 TR),,-0.0697970407593523,0.2656926943333794,expansion
1978-01-01,Equities (S&P 500 TR),,0.0650928391167193,0.2480489655747887,expansion
1979-01-01,Equities (S&P 500 TR),,0.1851949016751638,0.16780610963334935,expansion
1980-01-01,Equities (S&P 500 TR),,0.3173524550676301,0.1520902673385359,recession
1981-01-01,Equities (S&P 500 TR),,-0.0470239024749557,0.1625439053328576,expansion
1982-01-01,Equities (S&P 500 TR),,0.2041905507955935,0.13971654001254183,recession
1983-01-01,Equities (S&P 500 TR),,0.2233715585893061,0.13494590714648289,expansion
1984-01-01,Equities (S&P 500 TR),,0.0614614199963621,0.14401983511880298,expansion
1985-01-01,Equities (S&P 500 TR),,0.3123514948576895,0.14259358429754163,expansion
1986-01-01,Equities (S&P 500 TR),,0.1849457875804618,0.09023412919561266,expansion
1987-01-01,Equities (S&P 500 TR),,0.0581272164182187,0.10910202521866215,expansion
1988-01-01,Equities (S&P 500 TR),,0.1653719281204468,0.10474622534982057,expansion
1989-01-01,Equities (S&P 500 TR),,0.3147518363819672,0.10850314043742809,expansion
1990-01-01,Equities (S&P 500 TR),,-0.0306445161290321,0.13135226745667697,expansion
1991-01-01,Equities (S&P 500 TR),,0.3023484313487976,0.1507843161241626,expansion
1992-01-01,Equities (S&P 500 TR),,0.0749372797238006,0.14805217803431356,expansion
1993-01-01,Equities (S&P 500 TR),,0.0996705147919488,0.15093760464111772,expansion
1994-01-01,Equities (S&P 500 TR),,0.0132592067745738,0.12829476686819938,expansion
1995-01-01,Equities (S&P 500 TR),,0.371951989026063,0.15558111827833646,expansion
1996-01-01,Equities (S&P 500 TR),,0.2268096601886579,0.14296817068131598,expansion
1997-01-01,Equities (S&P 500 TR),,0.3310365310365309,0.15168207838548547,expansion
1998-01-01,Equities (S&P 500 TR),,0.2833795327844358,0.14055812986689759,expansion
1999-01-01,Equities (S&P 500 TR),,0.2088535099208447,0.06867546390591434,expansion
2000-01-01,Equities (S&P 500 TR),,-0.0903181895524927,0.16498536143088197,expansion
2001-01-01,Equities (S&P 500 TR),,-0.1184975914200018,0.21224825967174818,recession
2002-01-01,Equities (S&P 500 TR),,-0.219660479579127,0.21997758043638066,expansion
2003-01-01,Equities (S&P 500 TR),,0.2835580005001022,0.22003247819584237,expansion
2004-01-01,Equities (S&P 500 TR),,0.1074277594409619,0.20131724742569176,expansion
2005-01-01,Equities (S&P 500 TR),,0.0483447752326885,0.19655044670405922,expansion
2006-01-01,Equities (S&P 500 TR),,0.156125579793157,0.18618843376925986,expansion
2007-01-01,Equities (S&P 500 TR),,0.0548473524642176,0.09629069169176527,expansion
2008-01-01,Equities (S&P 500 TR),,-0.3655234411179819,0.2090863797968444,recession
2009-01-01,Equities (S&P 500 TR),,0.2593523387766398,0.23764516149729975,recession
2010-01-01,Equities (S&P 500 TR),,0.1482109227871941,0.24362770645036763,expansion
2011-01-01,Equities (S&P 500 TR),,0.0209837473362804,0.23638281358092533,expansion
2012-01-01,Equities (S&P 500 TR),,0.1589058524173029,0.24427359320227712,expansion
2013-01-01,Equities (S&P 500 TR),,0.3214508585812548,0.1151422608347866,expansion
2014-01-01,Equities (S&P 500 TR),,0.1352442164946223,0.10735302951983679,expansion
2015-01-01,Equities (S&P 500 TR),,0.0137889164116761,0.12540535548935117,expansion
2016-01-01,Equities (S&P 500 TR),,0.1177308087479817,0.11100174112431895,expansion
2017-01-01,Equities (S&P 500 TR),,0.2160548143449928,0.11508919403692869,expansion
2018-01-01,Equities (S&P 500 TR),,-0.0422686928908854,0.10245868584324447,expansion
2019-01-01,Equities (S&P 500 TR),,0.3121167999680875,0.14464763622723542,expansion
2020-01-01,Equities (S&P 500 TR),,0.1802320182742247,0.13166077951070546,expansion
2021-01-01,Equities (S&P 500 TR),,0.2846885175196415,0.14017962145310522,expansion
2022-01-01,Equities (S&P 500 TR),,-0.1803750592717858,0.21435915220713347,expansion
2023-01-01,Equities (S&P 500 TR),,0.2606068498502409,0.202741862008027,expansion
2024-01-01,Equities (S&P 500 TR),,0.2487861126252672,0.1935259061899107,expansion
2025-01-01,Equities (S&P 500 TR),,0.1772365823759739,0.1934475467283348,expansion
1927-01-01,Gold,20.64,,,recession
1928-01-01,Gold,20.66,0.0009689922480620172,,expansion
1929-01-01,Gold,20.63,-0.0014520813165538327,,expansion
1930-01-01,Gold,20.65,0.0009694619486184664,0.001397943084857274,recession
1931-01-01,Gold,17.06,-0.17384987893462467,0.08701348830364017,recession
1932-01-01,Gold,20.69,0.21277842907385724,0.13710554364794506,recession
1933-01-01,Gold,26.33,0.2725954567423874,0.18059652735354922,expansion
1934-01-01,Gold,34.69,0.3175085453854918,0.2069050700124445,expansion
1935-01-01,Gold,34.84,0.004324012683770695,0.20640311839125455,expansion
1936-01-01,Gold,34.87,0.000861079219288019,0.149849452344935,expansion
1937-01-01,Gold,34.79,-0.0022942357327214724,0.1618765587542603,recession
1938-01-01,Gold,34.85,0.0017246335153779935,0.14149785689204855,recession
1939-01-01,Gold,34.42,-0.012338593974175027,0.006480510295501978,expansion
1940-01-01,Gold,33.85,-0.016560139453805967,0.00824292775240697,expansion
1941-01-01,Gold,33.85,0.0,0.008078372936545066,expansion
1942-01-01,Gold,33.85,0.0,0.008392960436273262,expansion
1943-01-01,Gold,33.85,0.0,0.008053753181603483,expansion
1944-01-01,Gold,33.85,0.0,0.007405919507117358,expansion
1945-01-01,Gold,34.71,0.025406203840472763,0.011361999767502717,recession
1946-01-01,Gold,34.71,0.0,0.011361999767502717,expansion
1947-01-01,Gold,34.71,0.0,0.011361999767502717,expansion
1948-01-01,Gold,34.71,0.0,0.011361999767502717,expansion
1949-01-01,Gold,31.69,-0.08700662633246903,0.04317610973994491,recession
1950-01-01,Gold,34.72,0.09561375828337004,0.0646090691287697,expansion
1951-01-01,Gold,34.72,0.0,0.0646090691287697,expansion
1952-01-01,Gold,34.6,-0.003456221198156584,0.06465056629195651,expansion
1953-01-01,Gold,34.84,0.006936416184971206,0.0646973385055183,expansion
1954-01-01,Gold,35.04,0.0057405281285876075,0.041943265468659084,expansion
1955-01-01,Gold,35.03,-0.00028538812785383616,0.004391081921702477,expansion
1956-01-01,Gold,34.99,-0.0011418783899515006,0.004534609606958009,expansion
1957-01-01,Gold,34.95,-0.0011431837667904565,0.003979054226206337,expansion
1958-01-01,Gold,35.1,0.0042918454935620964,0.003276039633544881,expansion
1959-01-01,Gold,35.1,0.0,0.0022649226925624795,expansion
1960-01-01,Gold,35.27,0.004843304843304974,0.0029624125857479686,recession
1961-01-01,Gold,35.25,-0.0005670541536717533,0.002849565502203422,expansion
1962-01-01,Gold,35.23,-0.0005673758865248901,0.0027257430318398434,expansion
1963-01-01,Gold,35.09,-0.003973885892704865,0.003157482799941763,expansion
1964-01-01,Gold,35.1,0.00028498147620403813,0.0031612486212628595,expansion
1965-01-01,Gold,35.12,0.0005698005698004938,0.0018181454784876908,expansion
1966-01-01,Gold,35.13,0.0002847380410024858,0.0018898596548324283,expansion
1967-01-01,Gold,34.95,-0.005123825789923098,0.0027324787282943046,expansion
1968-01-01,Gold,39.31,0.12474964234620889,0.05628578975239237,expansion
1969-01-01,Gold,41.28,0.05011447468837438,0.055407747615479494,expansion
1970-01-01,Gold,37.38,-0.09447674418604646,0.0804434817449079,recession
1971-01-01,Gold,43.62,0.1669341894060994,0.10387626955236846,expansion
1972-01-01,Gold,64.9,0.4878496102705183,0.2149236633564115,expansion
1973-01-01,Gold,112.25,0.7295839753466871,0.33558583392104374,expansion
1974-01-01,Gold,186.5,0.6614699331848553,0.34751383002484715,recession
1975-01-01,Gold,140.25,-0.24798927613941024,0.4033442696896029,expansion
1976-01-01,Gold,134.5,-0.04099821746880572,0.43744869222386473,expansion
1977-01-01,Gold,164.95,0.2263940520446095,0.42758262618114656,expansion
1978-01-01,Gold,226.0,0.3701121551985451,0.35396732974848943,expansion
1979-01-01,Gold,512.0,1.2654867256637168,0.5826671947950008,expansion
1980-01-01,Gold,589.75,0.15185546875,0.508922217640547,recession
1981-01-01,Gold,397.5,-0.3259855871131836,0.5807849079712958,expansion
1982-01-01,Gold,459.6,0.15622641509433977,0.5849755340830558,recession
1983-01-01,Gold,382.4,-0.16797214969538743,0.6225537622933087,expansion
1984-01-01,Gold,308.3,-0.193776150627615,0.21832893190500635,expansion
1985-01-01,Gold,326.8,0.0600064871878041,0.19721516049005694,expansion
1986-01-01,Gold,388.75,0.18956548347613222,0.17980426957066664,expansion
1987-01-01,Gold,484.1,0.24527331189710622,0.20119376658355148,expansion
1988-01-01,Gold,410.25,-0.1525511258004545,0.19755022871730288,expansion
1989-01-01,Gold,398.6,-0.028397318708104802,0.16129697553275882,expansion
1990-01-01,Gold,386.2,-0.031108881083793394,0.1667436427379243,expansion
1991-01-01,Gold,353.15,-0.08557742102537547,0.1516411592578106,expansion
1992-01-01,Gold,332.9,-0.057341073198357684,0.05112715352225995,expansion
1993-01-01,Gold,391.75,0.17677981375788532,0.10428954218014273,expansion
1994-01-01,Gold,383.25,-0.02169751116783658,0.10395835408262834,expansion
1995-01-01,Gold,387.0,0.009784735812133016,0.1028746464691952,expansion
1996-01-01,Gold,369.25,-0.04586563307493541,0.09545795050612534,expansion
1997-01-01,Gold,290.2,-0.21408259986459044,0.13959276015367145,expansion
1998-01-01,Gold,287.8,-0.008270158511371362,0.09065765316074605,expansion
1999-01-01,Gold,290.25,0.00851285615010422,0.0944451427486954,expansion
2000-01-01,Gold,274.45,-0.05443583118001727,0.0884621108062033,expansion
2001-01-01,Gold,276.5,0.007469484423392236,0.09405755793471124,recession
2002-01-01,Gold,347.2,0.2556962025316456,0.12227689839918447,expansion
2003-01-01,Gold,416.25,0.1988767281105992,0.13545566150183222,expansion
2004-01-01,Gold,435.6,0.046486486486486456,0.13121779986034413,expansion
2005-01-01,Gold,513.0,0.1776859504132231,0.1055265605892388,expansion
2006-01-01,Gold,632.0,0.23196881091617927,0.08154026251202809,expansion
2007-01-01,Gold,833.75,0.3192246835443038,0.09895632786660082,expansion
2008-01-01,Gold,869.75,0.04317841079460272,0.1196960999426861,recession
2009-01-01,Gold,1087.5,0.25035929864903705,0.10339609625898218,recession
2010-01-01,Gold,1405.5,0.2924137931034483,0.10856352858337005,expansion
2011-01-01,Gold,1574.5,0.1202419067947349,0.11844412360463684,expansion
2012-01-01,Gold,1664.0,0.056843442362654706,0.1132411427589213,expansion
2013-01-01,Gold,1204.5,-0.27614182692307687,0.22514013401506572,expansion
2014-01-01,Gold,1206.0,0.001245330012453305,0.2072902198574566,expansion
2015-01-01,Gold,1060.0,-0.12106135986733002,0.15733719398717302,expansion
2016-01-01,Gold,1145.9,0.0810377358490566,0.14780839746391533,expansion
2017-01-01,Gold,1291.0,0.12662535997905566,0.1631117908807616,expansion
2018-01-01,Gold,1279.0,-0.009295120061967421,0.09501423279805409,expansion
2019-01-01,Gold,1523.0,0.19077404222048466,0.12182429546776435,expansion
2020-01-01,Gold,1891.1,0.2416940249507551,0.09734912678934697,expansion
2021-01-01,Gold,1820.1,-0.037544286394162185,0.122331368653149,expansion
2022-01-01,Gold,1830.1,0.005494203615185933,0.1282005039506778,expansion
2023-01-01,Gold,2072.81,0.13262116824217252,0.11938668603944366,expansion
2024-01-01,Gold,2610.85,0.25957034171004567,0.13451739263552287,expansion
2025-01-01,Gold,4339.645,0.6621579179194517,0.2809976932038918,expansion
1792-01-01,Silver (derived),1.2781806196440344,-0.007910349373763892,,
1793-01-01,Silver (derived),1.2926666666666666,0.011333333333333195,,
1794-01-01,Silver (derived),1.2615484710474951,-0.02407286922576446,0.017725431596783914,
1795-01-01,Silver (derived),1.2469453376205788,-0.011575562700964603,0.01466168341963885,
1796-01-01,Silver (derived),1.2389776357827476,-0.006389776357827559,0.01271924612775264,
1797-01-01,Silver (derived),1.2582738481505515,0.015574302401038187,0.016428195435682472,
1798-01-01,Silver (derived),1.2437459910198847,-0.011545862732520673,0.014502096968852466,
1799-01-01,Silver (derived),1.2318932655654384,-0.009529860228716713,0.011525723511346045,
1800-01-01,Silver (derived),1.236607142857143,0.003826530612244916,0.011282152802112356,
1801-01-01,Silver (derived),1.2542043984476068,0.014230271668822736,0.012770077562016537,
1802-01-01,Silver (derived),1.2706422018348624,0.013106159895150737,0.012172603447016173,
1803-01-01,Silver (derived),1.2582738481505515,-0.009733939000649006,0.011685077921993994,
1804-01-01,Silver (derived),1.2582738481505515,0.0,0.009897264231957506,
1805-01-01,Silver (derived),1.227992400253325,-0.024065864471184195,0.01612321637341365,
1806-01-01,Silver (derived),1.2493556701030928,0.017396907216494784,0.01692753315596096,
1807-01-01,Silver (derived),1.2566429034348672,0.005832793259883395,0.01571817295090881,
1808-01-01,Silver (derived),1.2058457711442787,-0.040422885572139244,0.023502061262802083,
1809-01-01,Silver (derived),1.2149122807017545,0.007518796992481258,0.024385962909489335,
1810-01-01,Silver (derived),1.229549778059607,0.012048192771084265,0.023298325065513326,
1811-01-01,Silver (derived),1.248551191242756,0.015453960077269846,0.02295925830074885,
1812-01-01,Silver (derived),1.2036002482929855,-0.036002482929857416,0.027512903415908303,
1813-01-01,Silver (derived),1.193230769230769,-0.00861538461538458,0.021168960783620502,
1814-01-01,Silver (derived),1.336436170212766,0.1200148409467483,0.05924589325679268,
1815-01-01,Silver (derived),1.418086500655308,0.0610955706395937,0.06149778713040748,
1816-01-01,Silver (derived),1.3710732984293197,-0.0331525631223929,0.06795199875420342,
1817-01-01,Silver (derived),1.2878888153540702,-0.06067106927874999,0.07374396428796923,
1818-01-01,Silver (derived),1.2631921824104235,-0.019176059803622914,0.07475996445110003,
1819-01-01,Silver (derived),1.264840182648402,0.001304631441617854,0.04574412938680371,
1820-01-01,Silver (derived),1.2413572343149808,-0.018565941101152394,0.02291616716117091,
1821-01-01,Silver (derived),1.2156739811912227,-0.020689655172413723,0.022626752939677724,
1822-01-01,Silver (derived),1.2272151898734176,0.009493670886075778,0.013951002131779215,
1823-01-01,Silver (derived),1.2241161616161618,-0.002525252525252264,0.013028633018909119,
1824-01-01,Silver (derived),1.2256637168141593,0.0012642225031604948,0.013022827970555899,
1825-01-01,Silver (derived),1.235031847133758,0.007643312101910826,0.012041103053716714,
1826-01-01,Silver (derived),1.2303299492385786,-0.0038071065989848663,0.00595583360589737,
1827-01-01,Silver (derived),1.2318932655654384,0.0012706480304955914,0.004459425807163439,
1828-01-01,Silver (derived),1.2287705956907478,-0.0025348542458809575,0.004461200847880489,
1829-01-01,Silver (derived),1.2287705956907478,0.0,0.004461817929428797,
1830-01-01,Silver (derived),1.2256637168141593,-0.0025284450063211006,0.002084218287791179,
1831-01-01,Silver (derived),1.2334605597964376,0.006361323155216203,0.003659914063196709,
1832-01-01,Silver (derived),1.2326764144945963,-0.0006357279084552303,0.0036606480047815674,
1833-01-01,Silver (derived),1.2172002510985562,-0.012554927809165006,0.006844271847626742,
1834-01-01,Silver (derived),1.2676414494596313,0.04144034501763416,0.02071432956349184,
1835-01-01,Silver (derived),1.309493670886076,0.03301581961073108,0.022864632356793802,
1836-01-01,Silver (derived),1.3161577608142494,0.0050890585241729624,0.022971121515847157,
1837-01-01,Silver (derived),1.367024636765635,0.038648008214392515,0.02373104281280066,
1838-01-01,Silver (derived),1.31608832807571,-0.037260710099884964,0.033186064517996876,
1839-01-01,Silver (derived),1.3233034571062745,0.005482252882763383,0.030097704060425327,
1840-01-01,Silver (derived),1.3233034571062745,0.0,0.02696933907738179,
1841-01-01,Silver (derived),1.3165605095541404,-0.005095541401274106,0.027098981867040444,
1842-01-01,Silver (derived),1.3024574669187148,-0.010712035286704502,0.016630106218921654,
1843-01-01,Silver (derived),1.297551789077213,-0.0037664783427495685,0.006025734817787594,
1844-01-01,Silver (derived),1.30410094637224,0.0050473186119872615,0.005877261527214411,
1845-01-01,Silver (derived),1.2983668341708543,-0.0043969849246232595,0.005658755538192966,
1846-01-01,Silver (derived),1.3,0.0012578616352201255,0.005994217966391276,
1847-01-01,Silver (derived),1.308227848101266,0.006329113924050667,0.004915218557384309,
1848-01-01,Silver (derived),1.30410094637224,-0.003154574132491983,0.004775806195411548,
1849-01-01,Silver (derived),1.3098859315589355,0.004435994930291454,0.004653065127516707,
1850-01-01,Silver (derived),1.3165605095541404,0.005095541401273884,0.003815609995932562,
1851-01-01,Silver (derived),1.3369987063389392,0.015523932729624601,0.006656902839221141,
1852-01-01,Silver (derived),1.325849903784477,-0.00833867864015403,0.009073770410877648,
1853-01-01,Silver (derived),1.3483365949119377,0.01696020874103099,0.010210157541369154,
1854-01-01,Silver (derived),1.3483365949119377,0.0,0.010643448758186503,
1855-01-01,Silver (derived),1.3439531859557867,-0.0032509752925879987,0.011417395147926973,
1856-01-01,Silver (derived),1.3439531859557867,0.0,0.009512918986388374,
1857-01-01,Silver (derived),1.3555992141453832,0.008665501381518892,0.008264119483393914,
1858-01-01,Silver (derived),1.3439531859557867,-0.008591055577542916,0.006273912705882758,
1859-01-01,Silver (derived),1.360763660302831,0.012508229098091128,0.008638658202125142,
1860-01-01,Silver (derived),1.351863963374755,-0.0065402223675605775,0.009230725965365014,
1861-01-01,Silver (derived),1.3335483870967744,-0.013548387096774195,0.011406340737835656,
1862-01-01,Silver (derived),1.5257328990228014,0.1441151395671707,0.06699225799624044,
1863-01-01,Silver (derived),1.9531554977228367,0.2801424803606123,0.12738503391102088,
1864-01-01,Silver (derived),2.734547820429408,0.4000666222518321,0.1803951410867287,
1865-01-01,Silver (derived),2.1062176165803117,-0.2297748092591152,0.24737110972604776,
1866-01-01,Silver (derived),1.8878807517822425,-0.10366301329896022,0.2620357193674001,
1867-01-01,Silver (derived),1.8349389852280025,-0.028042961137381472,0.26577455401725925,
1868-01-01,Silver (derived),1.8524695317511224,0.009553749015224877,0.23664846468314507,
1869-01-01,Silver (derived),1.7621794871794871,-0.04874036685844163,0.09312480216922153,
1870-01-01,Silver (derived),1.525369299935774,-0.13438482797387874,0.057921815414325124,
1871-01-01,Silver (derived),1.482980089916506,-0.027789473684210586,0.05375782244913418,
1872-01-01,Silver (derived),1.4868841970569415,0.0026326092757289477,0.05789381809297886,
1873-01-01,Silver (derived),1.4764595103578155,-0.007011095228370845,0.0547563188462124,
1874-01-01,Silver (derived),1.4226485148514851,-0.03644596761972119,0.05471341827154786,
1875-01-01,Silver (derived),1.4272836538461535,0.0032581055308325,0.018117588527751912,
1876-01-01,Silver (derived),1.2985915492957747,-0.09016575240919178,0.039565688752038156,
1877-01-01,Silver (derived),1.259302325581395,-0.030255259042526572,0.03630966812525819,
1878-01-01,Silver (derived),1.1629464285714284,-0.07651530141142326,0.0375743648823376,
1879-01-01,Silver (derived),1.1239804241435565,-0.03350627636024306,0.037784133040125546,
1880-01-01,Silver (derived),1.1451523545706372,0.018836565096952862,0.04307522434122782,
1881-01-01,Silver (derived),1.1326027397260274,-0.010958904109589107,0.03486275956285736,
1882-01-01,Silver (derived),1.135714285714286,0.0027472527472529595,0.03702628695556447,
1883-01-01,Silver (derived),1.1089055793991416,-0.02360515021459253,0.020797449714843656,
1884-01-01,Silver (derived),1.110693175711983,0.001612036539494932,0.015940637895587056,
1885-01-01,Silver (derived),1.064914992272025,-0.041215868109221954,0.01847980770720743,
1886-01-01,Silver (derived),0.994706448508181,-0.06592877767083738,0.029230928175934975,
1887-01-01,Silver (derived),0.9796208530805688,-0.01516587677725123,0.02583819469346331,
1888-01-01,Silver (derived),0.9395454545454546,-0.040909090909090895,0.02611563671617964,
1889-01-01,Silver (derived),0.9352941176470588,-0.004524886877828038,0.024195764963669333,
1890-01-01,Silver (derived),1.0465822784810128,0.11898734177215209,0.07144446996355401,
1891-01-01,Silver (derived),0.9880497131931166,-0.05592734225621432,0.06929768536880941,
1892-01-01,Silver (derived),0.87141652613828,-0.11804384485666097,0.08788840211074003,
1893-01-01,Silver (derived),0.7802944507361269,-0.1045677614194036,0.09590473997541428,
1894-01-01,Silver (derived),0.6348280098280098,-0.18642506142506154,0.11507492525772992,
1895-01-01,Silver (derived),0.654113924050633,0.0303797468354432,0.08046920193952388,
1896-01-01,Silver (derived),0.6757110166721151,0.03301732592350426,0.09713752683015005,
1897-01-01,Silver (derived),0.6043859649122807,-0.10555555555555562,0.09571547667840782,
1898-01-01,Silver (derived),0.5900656580074223,-0.02369397659149286,0.09452772964862675,
1899-01-01,Silver (derived),0.6015715948777649,0.01949941792782295,0.058452885029921534,
1900-01-01,Silver (derived),0.6201620162016203,0.030903090309031045,0.05854203552397373,
1901-01-01,Silver (derived),0.5960207612456748,-0.038927335640138394,0.05426736042980605,
1902-01-01,Silver (derived),0.5279693486590039,-0.114176245210728,0.0575609319647841,
1903-01-01,Silver (derived),0.5425196850393701,0.027559055118110187,0.06228366094122191,
1904-01-01,Silver (derived),0.5789915966386555,0.0672268907563025,0.0718247838997911,
1905-01-01,Silver (derived),0.6102745792736937,0.054030115146147084,0.07540902725746752,
1906-01-01,Silver (derived),0.6768172888015718,0.10903732809430244,0.08513950207562834,
1907-01-01,Silver (derived),0.6616517285531371,-0.022407170294494128,0.04874024392034264,
1908-01-01,Silver (derived),0.5349378881987578,-0.1915113871635612,0.11879910204193363,
1909-01-01,Silver (derived),0.5201308505284349,-0.02767991947659776,0.11348990951421978,
1910-01-01,Silver (derived),0.5408163265306123,0.03976975405546823,0.11146030044650533,
1911-01-01,Silver (derived),0.5392642838507697,-0.0028698147665012774,0.08825310412064653,
1912-01-01,Silver (derived),0.6148126115407496,0.1400951814396192,0.12073029318637447,
1913-01-01,Silver (derived),0.6045627376425856,-0.01667154138637028,0.06845030893090519,
1914-01-01,Silver (derived),0.5531174739095532,-0.08509499598608494,0.08307189615077622,
1915-01-01,Silver (derived),0.5106225296442689,-0.07682806324110669,0.09043542299823489,
1916-01-01,Silver (derived),0.6715399610136452,0.3151397011046131,0.1710667792800645,
1917-01-01,Silver (derived),0.8399024786672086,0.2507110930516052,0.19078604603026839,
1918-01-01,Silver (derived),0.9842857142857144,0.171904761904762,0.1861097977795988,
1919-01-01,Silver (derived),1.1209327548806942,0.1388286334056399,0.14914279988033075,
1920-01-01,Silver (derived),1.0192307692307692,-0.09072978303747548,0.15468692892375607,
1921-01-01,Silver (derived),0.630952380952381,-0.3809523809523808,0.25662513707055185,
1922-01-01,Silver (derived),0.6792638843246797,0.07656917515609596,0.22727741975698837,
1923-01-01,Silver (derived),0.6522562322499211,-0.03976017671189658,0.2015844964095941,
1924-01-01,Silver (derived),0.6711038961038961,0.028896103896103753,0.1793542794463062,
1925-01-01,Silver (derived),0.6940899932840833,0.03425117528542643,0.186269155123298,
1926-01-01,Silver (derived),0.6242826940501359,-0.10057384475989128,0.06994079645851768,expansion
1927-01-01,Silver (derived),0.5667672059226763,-0.09213051823416496,0.06414527102318632,recession
1928-01-01,Silver (derived),0.5848896434634975,0.03197509903791729,0.07023036500806494,expansion
1929-01-01,Silver (derived),0.533006704486849,-0.08870551830840634,0.06965370170108395,expansion
1930-01-01,Silver (derived),0.3846296985485672,-0.27837737253442507,0.11098539764896297,recession
1931-01-01,Silver (derived),0.2901052631578947,-0.2457543859649125,0.1271656934005399,recession
1932-01-01,Silver (derived),0.2820302906262791,-0.027834629553827317,0.13551075755286532,recession
1933-01-01,Silver (derived),0.3499928397536875,0.24097606316147857,0.20775630251778246,expansion
1934-01-01,Silver (derived),0.4828634604754007,0.3796381114974319,0.2915115783976375,expansion
1935-01-01,Silver (derived),0.6458756228086363,0.33759473573076515,0.26626766093727866,expansion
1936-01-01,Silver (derived),0.4540147879102347,-0.29705538980412527,0.2850275740949531,expansion
1937-01-01,Silver (derived),0.4519628099173554,-0.0045196280991732785,0.282043206888918,recession
1938-01-01,Silver (derived),0.4353775345192188,-0.0366961064809056,0.2823923864496783,recession
1939-01-01,Silver (derived),0.3939666816749212,-0.09511481314723091,0.22955978430757862,expansion
1940-01-01,Silver (derived),0.35084202085004,-0.10946271050521272,0.11368917892309607,expansion
1941-01-01,Silver (derived),0.3509475584077007,0.0003008121929208851,0.05084959738205289,expansion
1942-01-01,Silver (derived),0.386441426520923,0.10113724191233309,0.08469585501520421,expansion
1943-01-01,Silver (derived),0.450624436719454,0.1660872923908845,0.12046809523103282,expansion
1944-01-01,Silver (derived),0.450624436719454,0.0,0.10582904433000939,expansion
1945-01-01,Silver (derived),0.5192878338278931,0.15237388724035617,0.08026292590228387,recession
1946-01-01,Silver (derived),0.8014655369819097,0.5433936340737349,0.206662426207303,expansion
1947-01-01,Silver (derived),0.7182433819002668,-0.10383747178329561,0.24593881056772884,expansion
1948-01-01,Silver (derived),0.7435734013171872,0.03526662417675808,0.2509209361979408,expansion
1949-01-01,Silver (derived),0.720016457519029,-0.031680724130837334,0.2552431279354896,recession
1950-01-01,Silver (derived),0.7424692405600339,0.031183708103521557,0.2570416802343999,expansion
1951-01-01,Silver (derived),0.8946830265848671,0.20501022494887522,0.11438441160547061,expansion
1952-01-01,Silver (derived),0.8503401360544218,-0.04956268221574345,0.10058449882734781,expansion
1953-01-01,Silver (derived),0.8528265107212476,0.0029239766081872176,0.10183985174579696,expansion
1954-01-01,Silver (derived),0.853450377956596,0.000731528895391298,0.09775652190407232,expansion
1955-01-01,Silver (derived),0.891946992864424,0.0451070336391437,0.09771006799648571,expansion
1956-01-01,Silver (derived),0.9090909090909092,0.01922077922077925,0.03464737765151912,expansion
1957-01-01,Silver (derived),0.9090909090909092,0.0,0.01929262356552468,expansion
1958-01-01,Silver (derived),0.8912655971479501,-0.019607843137255054,0.024371693310433314,expansion
1959-01-01,Silver (derived),0.912884715701617,0.024256651017214415,0.024624076769008976,expansion
1960-01-01,Silver (derived),0.9145544813169584,0.0018291089626338852,0.017418036834311517,recession
1961-01-01,Silver (derived),0.9254362771020624,0.01189846641988379,0.016203652994359975,expansion
1962-01-01,Silver (derived),1.086281812538796,0.17380509000620759,0.0773615494808789,expansion
1963-01-01,Silver (derived),1.280175566934894,0.17849305047549358,0.08991275974759017,expansion
1964-01-01,Silver (derived),1.2943786982248522,0.011094674556213047,0.092048942894788,expansion
1965-01-01,Silver (derived),1.2943786982248522,0.0,0.09241744221076337,expansion
1966-01-01,Silver (derived),1.2943786982248522,0.0,0.09457827786995454,expansion
1967-01-01,Silver (derived),1.5514184397163122,0.198581560283688,0.10159037619751013,expansion
1968-01-01,Silver (derived),2.1465281574630946,0.3835907209247831,0.17051864480706205,expansion
1969-01-01,Silver (derived),1.792314335060449,-0.16501708639185908,0.21154398168765046,expansion
1970-01-01,Silver (derived),1.772638753651412,-0.010977751516099588,0.21268027882521107,recession
1971-01-01,Silver (derived),1.5472618154538635,-0.1271420574176777,0.23158183248225123,expansion
1972-01-01,Silver (derived),1.6863309352517986,0.08988079354698053,0.2196211933798205,expansion
1973-01-01,Silver (derived),2.559801099188694,0.5179707883414184,0.27446235587793477,expansion
1974-01-01,Silver (derived),4.7120943952802365,0.840804895651343,0.40500293487069833,recession
1975-01-01,Silver (derived),4.42317173377157,-0.061315125986877494,0.41401369615821687,expansion
1976-01-01,Silver (derived),4.357440890125173,-0.014860567846491701,0.39069324539777567,expansion
1977-01-01,Silver (derived),4.627457098283932,0.06196669443541247,0.3941747545926178,expansion
1978-01-01,Silver (derived),5.406424581005587,0.16833597074525697,0.36916535589586796,expansion
1979-01-01,Silver (derived),11.105092091007585,1.0540547499771193,0.4623981112143374,expansion
1980-01-01,Silver (derived),20.652730950775453,0.8597532358600724,0.49392903486403184,recession
1981-01-01,Silver (derived),10.53012600229095,-0.49013396691271116,0.6275921135570638,expansion
1982-01-01,Silver (derived),7.957451312447079,-0.24431566054234843,0.6736485523110977,recession
1983-01-01,Silver (derived),11.450175533351336,0.4389249878841135,0.674354401864769,expansion
1984-01-01,Silver (derived),8.148666967916856,-0.28833693909914815,0.570014729681705,expansion
1985-01-01,Silver (derived),6.146671826625387,-0.2456837601995242,0.35300361156923216,expansion
1986-01-01,Silver (derived),5.475687732342007,-0.1091621796655704,0.3031157875616405,expansion
1987-01-01,Silver (derived),7.016760651629072,0.2814391533295002,0.3263766361550699,expansion
1988-01-01,Silver (derived),6.546825989544436,-0.0669731640305462,0.22491601175461823,expansion
1989-01-01,Silver (derived),5.505540365520219,-0.15905197811690652,0.20207419985127695,expansion
1990-01-01,Silver (derived),4.824893457006769,-0.12362944658006081,0.18020751325617013,expansion
1991-01-01,Silver (derived),4.044194589780697,-0.16180644695735846,0.18699898832358985,expansion
1992-01-01,Silver (derived),3.943866468503488,-0.024807936178622314,0.05988959517845514,expansion
1993-01-01,Silver (derived),4.30423375074538,0.0913741084085522,0.10858498663177786,expansion
1994-01-01,Silver (derived),5.294958098639923,0.230174383006726,0.16076762363801472,expansion
1995-01-01,Silver (derived),5.155121690291522,-0.0264093512627267,0.14702734738086062,expansion
1996-01-01,Silver (derived),5.195486713846975,0.007830081612131723,0.10866109219704673,expansion
1997-01-01,Silver (derived),4.89456633780003,-0.05791957378024548,0.11557794915508507,expansion
1998-01-01,Silver (derived),5.545454545454546,0.13298179301970037,0.12077185065253657,expansion
1999-01-01,Silver (derived),5.255538865940669,-0.05227987663364997,0.07830589162088473,expansion
2000-01-01,Silver (derived),5.005360972122945,-0.047602710245192914,0.08068707151603109,expansion
2001-01-01,Silver (derived),4.394188861985472,-0.12210350333199926,0.09569479946533356,recession
2002-01-01,Silver (derived),4.624628639334522,0.05244193742845349,0.10009423296969493,expansion
2003-01-01,Silver (derived),4.915117219078415,0.06281338511662526,0.07798374165045546,expansion
2004-01-01,Silver (derived),6.696900489396411,0.3625108397012107,0.18459745678487174,expansion
2005-01-01,Silver (derived),7.347611202635914,0.09716595225952829,0.1742480449222193,expansion
2006-01-01,Silver (derived),11.60919540229885,0.5799958765012112,0.2330099210369266,expansion
2007-01-01,Silver (derived),13.465613561934118,0.15990928701808738,0.21681711773416082,expansion
2008-01-01,Silver (derived),15.024926938284338,0.11579965288460636,0.2062676250019759,recession
2009-01-01,Silver (derived),14.712539610683567,-0.02079127099146094,0.22994282858630904,recession
2010-01-01,Silver (derived),20.23416886543536,0.37530089303836034,0.23650316927004844,expansion
2011-01-01,Silver (derived),35.12849162011173,0.7360975809646086,0.29527075082541615,expansion
2012-01-01,Silver (derived),31.728256812243377,-0.09679421606368244,0.3389886885071456,expansion
2013-01-01,Silver (derived),23.85769684707469,-0.24806153113749307,0.40087319774830116,expansion
2014-01-01,Silver (derived),19.11720397710154,-0.19869867994212542,0.42678620104536835,expansion
2015-01-01,Silver (derived),15.720464990537982,-0.17767969576681553,0.4134459902505626,expansion
2016-01-01,Silver (derived),17.160087719298247,0.09157634520523161,0.13327352211569374,expansion
2017-01-01,Silver (derived),17.082429501084597,-0.004525514058201119,0.14425244059567618,expansion
2018-01-01,Silver (derived),15.723659774668814,-0.07954194842891127,0.1210081897695122,expansion
2019-01-01,Silver (derived),16.16843084797022,0.028286739835082342,0.10377574949193988,expansion
2020-01-01,Silver (derived),20.509849362688296,0.2685120501513043,0.13144567093679282,expansion
2021-01-01,Silver (derived),25.14668901927913,0.22607867930157566,0.15153133948571954,expansion
2022-01-01,Silver (derived),21.70505245387676,-0.13686241408416755,0.1804740416758483,expansion
2023-01-01,Silver (derived),24.17445482866044,0.11377085496711703,0.162579493317516,expansion
2024-01-01,Silver (derived),28.480264712833844,0.17811404288913169,0.15985193543957818,expansion
2025-01-01,Silver (derived),40.139616055846425,0.40938353138826744,0.19820000925464637,expansion
1953-01-01,Copper (PPI index),36.6,,,expansion
1954-01-01,Copper (PPI index),36.53333333333333,-0.0018214936247723523,,expansion
1955-01-01,Copper (PPI index),41.35833333333333,0.1320711678832116,,expansion
1956-01-01,Copper (PPI index),45.7,0.10497682853113055,0.07078986467700646,expansion
1957-01-01,Copper (PPI index),38.5,-0.15754923413566746,0.13137677041479806,expansion
1958-01-01,Copper (PPI index),35.95,-0.0662337662337662,0.120050747571841,expansion
1959-01-01,Copper (PPI index),39.15,0.08901251738525717,0.1259987015620633,expansion
1960-01-01,Copper (PPI index),39.675,0.013409961685823646,0.10986147839510986,recession
1961-01-01,Copper (PPI index),36.4,-0.08254568367989912,0.09461761212688669,expansion
1962-01-01,Copper (PPI index),35.86666666666667,-0.0146520146520146,0.06850915865509137,expansion
1963-01-01,Copper (PPI index),35.65,-0.006040892193308611,0.06157898570561803,expansion
1964-01-01,Copper (PPI index),38.083333333333336,0.06825619448340348,0.05433834966899229,expansion
1965-01-01,Copper (PPI index),42.74166666666667,0.12231947483588623,0.07931010772446184,expansion
1966-01-01,Copper (PPI index),48.025,0.12361084031975045,0.06694041527680578,expansion
1967-01-01,Copper (PPI index),48.525,0.010411244143675225,0.06072436377602061,expansion
1968-01-01,Copper (PPI index),52.03333333333333,0.07229950197492707,0.04671918106862065,expansion
1969-01-01,Copper (PPI index),57.85833333333333,0.11194746957078783,0.04818166404346725,expansion
1970-01-01,Copper (PPI index),63.40833333333333,0.09592395218205385,0.04482667390524805,recession
1971-01-01,Copper (PPI index),57.55,-0.09239059009068207,0.083290595766611,expansion
1972-01-01,Copper (PPI index),60.325,0.04821894005212868,0.08167437543691057,expansion
1973-01-01,Copper (PPI index),68.79166666666667,0.14035087719298245,0.09192896329671595,expansion
1974-01-01,Copper (PPI index),88.675,0.28903694730466367,0.13874802094306338,recession
1975-01-01,Copper (PPI index),72.73333333333333,-0.17977633681045013,0.18572845692802303,expansion
1976-01-01,Copper (PPI index),79.55,0.09372135655362057,0.17029860232135405,expansion
1977-01-01,Copper (PPI index),80.77499999999999,0.015399120050282766,0.1723683251389062,expansion
1978-01-01,Copper (PPI index),83.30833333333334,0.03136283916228222,0.16836859542109125,expansion
1979-01-01,Copper (PPI index),104.95833333333331,0.2598779633890165,0.1582158312458435,expansion
1980-01-01,Copper (PPI index),112.625,0.07304485907106018,0.09753702656269375,recession
1981-01-01,Copper (PPI index),107.80833333333334,-0.04276729559748427,0.1153464682583065,expansion
1982-01-01,Copper (PPI index),99.99166666666667,-0.07250521759295037,0.13090098691833932,recession
1983-01-01,Copper (PPI index),105.7,0.057088090674222824,0.13049996921354326,expansion
1984-01-01,Copper (PPI index),106.89166666666668,0.011274046042258012,0.06259223506654449,expansion
1985-01-01,Copper (PPI index),106.93333333333334,0.00038980275980349255,0.050098706451284024,expansion
1986-01-01,Copper (PPI index),106.85833333333332,-0.0007013715710725288,0.04647535873098901,expansion
1987-01-01,Copper (PPI index),121.80833333333334,0.13990485845745937,0.05981445399844663,expansion
1988-01-01,Copper (PPI index),162.66666666666666,0.33543134706164035,0.1457034867677583,expansion
1989-01-01,Copper (PPI index),181.95833333333331,0.11859631147540983,0.13754646574070808,expansion
1990-01-01,Copper (PPI index),174.59166666666667,-0.04048545912525747,0.1472129823466457,expansion
1991-01-01,Copper (PPI index),160.54166666666666,-0.08047348575247015,0.16547424076930745,expansion
1992-01-01,Copper (PPI index),166.04999999999998,0.03431092655073953,0.16498333830230422,expansion
1993-01-01,Copper (PPI index),150.68333333333334,-0.09254240690555038,0.08829941511350549,expansion
1994-01-01,Copper (PPI index),167.34166666666667,0.11055193009622832,0.08534616527920938,expansion
1995-01-01,Copper (PPI index),195.15,0.16617698321796714,0.11428442114381357,expansion
1996-01-01,Copper (PPI index),178.95000000000002,-0.08301306687163712,0.11488888364052428,expansion
1997-01-01,Copper (PPI index),177.29166666666666,-0.00926702058303075,0.115853684715065,expansion
1998-01-01,Copper (PPI index),153.04166666666666,-0.1367802585193889,0.12754209755951726,expansion
1999-01-01,Copper (PPI index),151.225,-0.011870405662945838,0.11437215260500493,expansion
2000-01-01,Copper (PPI index),162.35,0.07356587865762942,0.08005705926766182,expansion
2001-01-01,Copper (PPI index),154.96666666666667,-0.0454778770146802,0.07590232176656077,recession
2002-01-01,Copper (PPI index),149.56666666666666,-0.03484620348462042,0.07535548457342582,expansion
2003-01-01,Copper (PPI index),152.275,0.018107867171829772,0.04786225247452235,expansion
2004-01-01,Copper (PPI index),199.95,0.31308487933015905,0.14662274334378206,expansion
2005-01-01,Copper (PPI index),235.825,0.1794198549637409,0.155558970983564,expansion
2006-01-01,Copper (PPI index),379.5416666666667,0.6094208275910811,0.25866158439357534,expansion
2007-01-01,Copper (PPI index),410.64166666666665,0.08194093753430653,0.2343614236768065,expansion
2008-01-01,Copper (PPI index),404.3666666666666,-0.015280962720944924,0.24260913259384811,recession
2009-01-01,Copper (PPI index),345.4916666666666,-0.145598054570934,0.2876367096381591,recession
2010-01-01,Copper (PPI index),421.325,0.2194939578861046,0.28949306960030025,expansion
2011-01-01,Copper (PPI index),471.0833333333333,0.11809964595818756,0.13864631842963038,expansion
2012-01-01,Copper (PPI index),431.7416666666666,-0.08351317884309228,0.14899209358314486,expansion
2013-01-01,Copper (PPI index),412.05,-0.04560983612885783,0.15131757539780386,expansion
2014-01-01,Copper (PPI index),397.28333333333336,-0.035837074788658274,0.12894151969843487,expansion
2015-01-01,Copper (PPI index),356.85,-0.10177455216679954,0.0869283002831001,expansion
2016-01-01,Copper (PPI index),331.05833333333334,-0.07227593293167067,0.02708892808061463,expansion
2017-01-01,Copper (PPI index),392.9583333333333,0.1869761119641553,0.11507329859986537,expansion
2018-01-01,Copper (PPI index),408.7583333333334,0.04020782525713096,0.11552388130021758,expansion
2019-01-01,Copper (PPI index),392.8,-0.03904099814478812,0.11580488514237326,expansion
2020-01-01,Copper (PPI index),403.9666666666667,0.02842837746096416,0.09996085080357654,expansion
2021-01-01,Copper (PPI index),572.9491666666667,0.4183080287152403,0.18253517340520628,expansion
2022-01-01,Copper (PPI index),589.7062500000001,0.02924706816631506,0.1832017721266463,expansion
2023-01-01,Copper (PPI index),580.0453333333334,-0.016382591615175746,0.18911876960601431,expansion
2024-01-01,Copper (PPI index),619.0261666666667,0.06720308067875158,0.17742979648137505,expansion
2025-01-01,Copper (PPI index),657.47225,0.0621073637974916,0.17439232959919385,expansion
2026-01-01,Copper (PPI index),776.866,0.18159511675207574,0.07332928806145791,expansion
1949-01-01,Oil (WTI-era),2.54,,,recession
1950-01-01,Oil (WTI-era),2.51,-0.011811023622047334,,expansion
1951-01-01,Oil (WTI-era),2.53,0.007968127490039834,,expansion
1952-01-01,Oil (WTI-era),2.53,0.0,0.00995160082108123,expansion
1953-01-01,Oil (WTI-era),2.68,0.059288537549407216,0.03135584598018281,expansion
1954-01-01,Oil (WTI-era),2.78,0.03731343283582067,0.029109985907657048,expansion
1955-01-01,Oil (WTI-era),2.77,-0.003597122302158251,0.02713275207234529,expansion
1956-01-01,Oil (WTI-era),2.79,0.0072202166064982976,0.02721893207418594,expansion
1957-01-01,Oil (WTI-era),3.09,0.10752688172043001,0.044447580970546144,expansion
1958-01-01,Oil (WTI-era),3.01,-0.02588996763754048,0.051683735606172246,expansion
1959-01-01,Oil (WTI-era),2.9,-0.03654485049833878,0.05735478251595873,expansion
1960-01-01,Oil (WTI-era),2.88,-0.006896551724137945,0.05756523058633266,recession
1961-01-01,Oil (WTI-era),2.89,0.003472222222222321,0.05761993048170515,expansion
1962-01-01,Oil (WTI-era),2.9,0.0034602076124565784,0.018018620705586616,expansion
1963-01-01,Oil (WTI-era),2.89,-0.0034482758620688614,0.016580803330901,expansion
1964-01-01,Oil (WTI-era),2.88,-0.0034602076124568004,0.004637048948682859,expansion
1965-01-01,Oil (WTI-era),2.86,-0.00694444444444442,0.004651334671872872,expansion
1966-01-01,Oil (WTI-era),2.88,0.006993006993007089,0.00571516677768347,expansion
1967-01-01,Oil (WTI-era),2.92,0.01388888888888884,0.008717956398026774,expansion
1968-01-01,Oil (WTI-era),2.94,0.006849315068493178,0.008498130897806462,expansion
1969-01-01,Oil (WTI-era),3.09,0.05102040816326525,0.021844735002243144,expansion
1970-01-01,Oil (WTI-era),3.18,0.02912621359223322,0.018792348893780644,recession
1971-01-01,Oil (WTI-era),3.39,0.0660377358490567,0.02489772561516417,expansion
1972-01-01,Oil (WTI-era),3.39,0.0,0.028175579168774462,expansion
1973-01-01,Oil (WTI-era),3.89,0.14749262536873164,0.05549153402983861,expansion
1974-01-01,Oil (WTI-era),6.87,0.7660668380462725,0.320280037247787,recession
1975-01-01,Oil (WTI-era),7.67,0.11644832605531286,0.3107533231419275,expansion
1976-01-01,Oil (WTI-era),8.19,0.06779661016949157,0.3105375049451472,expansion
1977-01-01,Oil (WTI-era),8.57,0.046398046398046455,0.30293646160939697,expansion
1978-01-01,Oil (WTI-era),9.0,0.05017502917152861,0.3124466865892942,expansion
1979-01-01,Oil (WTI-era),12.64,0.4044444444444446,0.1520569688548997,expansion
1980-01-01,Oil (WTI-era),21.59,0.7080696202531644,0.2950076973377063,recession
1981-01-01,Oil (WTI-era),31.77,0.4715145900880038,0.2859413320423627,expansion
1982-01-01,Oil (WTI-era),28.52,-0.10229776518728362,0.32821453424381825,recession
1983-01-01,Oil (WTI-era),26.19,-0.08169705469845712,0.35790508454376596,expansion
1984-01-01,Oil (WTI-era),25.88,-0.011836578846888157,0.3699371646068057,expansion
1985-01-01,Oil (WTI-era),24.09,-0.0691653786707882,0.24282672988616827,expansion
1986-01-01,Oil (WTI-era),12.51,-0.4806973848069739,0.1883621609848432,expansion
1987-01-01,Oil (WTI-era),15.4,0.2310151878497202,0.2559417430752159,expansion
1988-01-01,Oil (WTI-era),12.58,-0.18311688311688312,0.2598535350054598,expansion
1989-01-01,Oil (WTI-era),15.86,0.26073131955484885,0.30785376836037515,expansion
1990-01-01,Oil (WTI-era),20.03,0.26292559899117296,0.3366858505711484,expansion
1991-01-01,Oil (WTI-era),16.54,-0.17423864203694472,0.23600715706006115,expansion
1992-01-01,Oil (WTI-era),15.99,-0.03325272067714624,0.22280425401750392,expansion
1993-01-01,Oil (WTI-era),14.25,-0.10881801125703561,0.20725485406781144,expansion
1994-01-01,Oil (WTI-era),13.19,-0.07438596491228078,0.16934013735646034,expansion
1995-01-01,Oil (WTI-era),14.62,0.10841546626232001,0.10566102307456963,expansion
1996-01-01,Oil (WTI-era),18.46,0.26265389876881007,0.15365573794443518,expansion
1997-01-01,Oil (WTI-era),17.23,-0.06663055254604555,0.15780974988771207,expansion
1998-01-01,Oil (WTI-era),10.87,-0.3691236215902496,0.2361662540195965,expansion
1999-01-01,Oil (WTI-era),15.56,0.4314627414903405,0.3084994932610251,expansion
2000-01-01,Oil (WTI-era),26.72,0.717223650385604,0.42423317789540854,expansion
2001-01-01,Oil (WTI-era),21.84,-0.1826347305389221,0.4523201577223947,recession
2002-01-01,Oil (WTI-era),22.51,0.03067765567765579,0.4450676610229557,expansion
2003-01-01,Oil (WTI-era),27.56,0.22434473567303415,0.34892428165666456,expansion
2004-01-01,Oil (WTI-era),36.77,0.334179970972424,0.3384271606551842,expansion
2005-01-01,Oil (WTI-era),50.28,0.3674190916508022,0.22993970735771588,expansion
2006-01-01,Oil (WTI-era),59.69,0.18715194908512323,0.13353562579703254,expansion
2007-01-01,Oil (WTI-era),66.52,0.11442452672139392,0.10459591534560295,expansion
2008-01-01,Oil (WTI-era),94.04,0.41371016235718594,0.12692019824393772,recession
2009-01-01,Oil (WTI-era),56.35,-0.4007868991918333,0.32476883777586,recession
2010-01-01,Oil (WTI-era),74.71,0.3258207630878436,0.3178294204249873,expansion
2011-01-01,Oil (WTI-era),95.73,0.2813545710078973,0.32492073251410597,expansion
2012-01-01,Oil (WTI-era),94.52,-0.012639715867544199,0.3329655782464714,expansion
2013-01-01,Oil (WTI-era),95.99,0.015552264071096111,0.29051246009379134,expansion
2014-01-01,Oil (WTI-era),87.39,-0.0895926659026981,0.18679199082558165,expansion
2015-01-01,Oil (WTI-era),44.39,-0.49204714498226343,0.2792906931317737,expansion
2016-01-01,Oil (WTI-era),38.29,-0.13741833746339271,0.20423624149104236,expansion
2017-01-01,Oil (WTI-era),48.05,0.25489683990598055,0.2711020541758223,expansion
2018-01-01,Oil (WTI-era),61.4,0.27783558792924046,0.3179003759942122,expansion
2019-01-01,Oil (WTI-era),55.59,-0.09462540716612367,0.31811537245671484,expansion
2020-01-01,Oil (WTI-era),36.86,-0.336931102716316,0.2661121217879013,expansion
2021-01-01,Oil (WTI-era),65.84,0.7862181226261531,0.4258188723705832,expansion
2022-01-01,Oil (WTI-era),93.97,0.42724787363304984,0.4403796393299654,expansion
2023-01-01,Oil (WTI-era),76.1,-0.1901670745982761,0.47151031733423515,expansion
2024-01-01,Oil (WTI-era),74.52,-0.020762155059132703,0.4642711097064052,expansion
2025-01-01,Oil (WTI-era),63.41,-0.14908749329039184,0.4224411833161456,expansion
